{
  "model_type": "mlp",
  "architecture": {
    "input_dim": 2,
    "hidden_dim": 8,
    "hidden_layers": [
      8
    ],
    "hidden_activation": "relu",
    "output_dim": 1,
    "num_layers": 2
  },
  "parameters": {
    "hidden_weights": [
      [
        -0.559425,
        1.038392,
        2.181368,
        -0.979067,
        -2.193931,
        -0.603885,
        1.701585,
        -0.132656
      ],
      [
        -1.037555,
        -1.572248,
        1.598544,
        -1.802819,
        -0.20037,
        -0.147332,
        1.429832,
        2.198018
      ]
    ],
    "hidden_bias": [
      -0.323017,
      0.747523,
      1.078727,
      0.918351,
      0.585568,
      0.902679,
      0.924076,
      0.892238
    ],
    "output_weights": [
      [
        -0.154557
      ],
      [
        0.524905
      ],
      [
        0.706705
      ],
      [
        0.584932
      ],
      [
        0.538334
      ],
      [
        1.065641
      ],
      [
        0.895571
      ],
      [
        1.163157
      ]
    ],
    "output_bias": [
      0.809565
    ]
  }
}