{
  "eval_loss": 3.937222,
  "prediction_x4": 0.000000,
  "parameter_count": 65,
  "weight_l2_norm": 7.037128,
  "max_abs_weight": 1.730715,
  "bias_l2_norm": 3.251251
}
