{
  "eval_loss": 0.000139,
  "prediction_x4": 7.991263,
  "weight": 1.990599,
  "bias": 0.028867
}
