{
  "eval_loss": 0.000000,
  "prediction_x4": 0.000000,
  "weight": 2.828454,
  "bias": 12.200006
}
