{
  "eval_loss": 0.000009,
  "prediction_x4": 7.995543,
  "parameter_count": 2,
  "weight_l2_norm": 2.492589,
  "max_abs_weight": 2.492589,
  "bias_l2_norm": 4.664679
}
