{
  "eval_loss": 44.739685,
  "prediction_x4": 0.000000,
  "parameter_count": 3,
  "weight_l2_norm": 0.776245,
  "max_abs_weight": 0.559822,
  "bias_l2_norm": 1.802559
}
