{
  "eval_loss": 0.007335,
  "prediction_x4": 7.914356,
  "weight": 1.948972,
  "bias": 0.118468
}
