{
  "epochs": 500,
  "learning_rate": 0.005000,
  "train_loss": 0.002090,
  "val_loss": 0.007335,
  "weight": 1.948972,
  "bias": 0.118468
}
