{
  "eval_loss": 0.001275,
  "prediction_x4": 0.000000,
  "parameter_count": 3,
  "weight_l2_norm": 4.177653,
  "max_abs_weight": 3.073586,
  "bias_l2_norm": 12.158147
}
