{
  "eval_loss": 0.000000,
  "prediction_x4": 14.644387,
  "weight": 2.494434,
  "bias": 4.666651
}
