{
  "eval_loss": 0.000000,
  "prediction_x4": 6.166422,
  "parameter_count": 2,
  "weight_l2_norm": 1.794617,
  "max_abs_weight": 1.794617,
  "bias_l2_norm": 3.768263
}
