{
  "input_dim": 2,
  "output_dim": 1,
  "weights": [
    [
      2.828454
    ],
    [
      3.059385
    ]
  ],
  "bias": [
    12.200006
  ]
}