{
  "eval_loss": 0.000000,
  "prediction_x4": 7.999700,
  "parameter_count": 2,
  "weight_l2_norm": 2.494356,
  "max_abs_weight": 2.494356,
  "bias_l2_norm": 4.666475
}
