{
  "eval_loss": 3.304271,
  "prediction_x4": 0.000000,
  "parameter_count": 33,
  "weight_l2_norm": 0.000000,
  "max_abs_weight": 0.000000,
  "bias_l2_norm": 9.817765
}
