{
  "eval_loss": 0.000000,
  "prediction_x4": 2.844883,
  "parameter_count": 177,
  "weight_l2_norm": 0.000000,
  "max_abs_weight": 0.000000,
  "bias_l2_norm": 2.844883
}
