{
  "model_type": "mlp",
  "architecture": {
    "input_dim": 2,
    "hidden_dim": 8,
    "hidden_layers": [
      8
    ],
    "hidden_activation": "relu",
    "output_dim": 1,
    "num_layers": 2
  },
  "parameters": {
    "hidden_weights": [
      [
        -0.145521,
        1.014172,
        1.54972,
        -0.510768,
        -1.115877,
        -0.26059,
        1.263156,
        0.26487
      ],
      [
        -0.353589,
        -0.521834,
        1.180961,
        -0.913965,
        -0.207166,
        -0.064014,
        1.045674,
        1.355751
      ]
    ],
    "hidden_bias": [
      -0.272368,
      0.942132,
      1.160122,
      1.048548,
      1.04173,
      1.020434,
      1.00352,
      1.009919
    ],
    "output_weights": [
      [
        -0.222557
      ],
      [
        0.800212
      ],
      [
        0.848964
      ],
      [
        0.805116
      ],
      [
        0.710027
      ],
      [
        1.322314
      ],
      [
        1.029659
      ],
      [
        1.33392
      ]
    ],
    "output_bias": [
      0.849332
    ]
  }
}