{
  "model_type": "mlp",
  "architecture": {
    "input_dim": 2,
    "hidden_dim": 8,
    "hidden_layers": [
      8
    ],
    "hidden_activation": "tanh",
    "output_dim": 1,
    "num_layers": 2
  },
  "parameters": {
    "hidden_weights": [
      [
        -0.464977,
        -0.193753,
        0.626746,
        0.513558,
        0.164424,
        0.272577,
        0.551155,
        0.056433
      ],
      [
        -0.379631,
        -0.558453,
        0.202212,
        0.117569,
        0.519268,
        0.346643,
        0.265994,
        0.757897
      ]
    ],
    "hidden_bias": [
      -1.123628,
      -1.444091,
      1.446079,
      1.298071,
      1.480605,
      1.23476,
      1.241227,
      1.131765
    ],
    "output_weights": [
      [
        -1.380631
      ],
      [
        -1.170809
      ],
      [
        1.023137
      ],
      [
        0.819296
      ],
      [
        0.984648
      ],
      [
        1.936538
      ],
      [
        1.213779
      ],
      [
        1.450283
      ]
    ],
    "output_bias": [
      1.237923
    ]
  }
}