{
  "epochs": 50,
  "learning_rate": 0.020000,
  "final_loss": 0.006733,
  "weight": 1.949324,
  "bias": 0.181113
}
