{
  "eval_loss": 0.006172,
  "prediction_x4": 7.978409,
  "weight": 1.949324,
  "bias": 0.181113
}
