{
  "eval_loss": 0.000450,
  "prediction_x4": 7.987520,
  "weight": 1.984043,
  "bias": 0.051348
}
