{
  "epochs": 200,
  "learning_rate": 0.010000,
  "final_loss": 0.000488,
  "weight": 1.984043,
  "bias": 0.051348
}
