{
  "eval_loss": 0.000001,
  "prediction_x4": 7.989403,
  "weight": 1.990542,
  "bias": 0.027235
}
