{
  "epochs": 500,
  "learning_rate": 0.005000,
  "train_loss": 0.000177,
  "val_loss": 0.000001,
  "weight": 1.990542,
  "bias": 0.027235
}
